<PAMDataset>
  <Metadata>
    <MDI key="DataType">Generic</MDI>
  </Metadata>
  <PAMRasterBand band="1">
    <Metadata>
      <MDI key="RepresentationType">ATHEMATIC</MDI>
      <MDI key="STATISTICS_APPROXIMATE">YES</MDI>
      <MDI key="STATISTICS_MAXIMUM">708860.3125</MDI>
      <MDI key="STATISTICS_MEAN">682.68556980788</MDI>
      <MDI key="STATISTICS_MINIMUM">0</MDI>
      <MDI key="STATISTICS_STDDEV">5273.194863053</MDI>
      <MDI key="STATISTICS_VALID_PERCENT">24</MDI>
    </Metadata>
  </PAMRasterBand>
</PAMDataset>
